	emp_no	apellido	oficio	dir	fecha_alt	salario	comision	dept_no
0	7369	SÁNCHEZ	EMPLEADO	7902.0	1990-12-17	1040		20
1	7566	JIMÉNEZ	DIRECTOR	7839.0	1991-04-02	2900		20
2	7698	NEGRO	DIRECTOR	7839.0	1991-05-01	3005		30
3	7782	CEREZO	DIRECTOR	7839.0	1991-06-09	2885		10
4	7788	GIL	ANALISTA	7566.0	1991-11-09	3000		20
5	7839	REY	PRESIDENTE		1991-11-17	4100		10
6	7876	ALONSO	EMPLEADO	7788.0	1991-09-23	1430		20
7	7902	FERNÁNDEZ	ANALISTA	7566.0	1991-12-03	3000		20
